{"cameraMode":{"drawMode":0,"name":"Shaded","section":"Shading Mode"},"sceneLighting":true,"audioPlay":false,"sceneViewState":{"m_AlwaysRefresh":false,"showFog":true,"showSkybox":true,"showFlares":true,"showImageEffects":true,"showParticleSystems":true,"showVisualEffectGraphs":true,"m_FxEnabled":true},"in2DMode":false,"pivot":{"x":0.07956123352050781,"y":1.3168449401855469,"z":-0.23755937814712525},"rotation":{"x":-0.022305447608232499,"y":0.7671392560005188,"z":-0.026714855805039407,"w":-0.6405326128005981},"size":2.067336320877075,"orthographic":false}